id,Temperatur
2020_195,
2020_196,
2020_197,
2020_198,
2020_199,
2020_200,
2020_201,
2020_202,
2020_203,
2020_204,
2020_205,
2020_206,
2020_207,
2020_208,
2020_209,
2020_210,
2020_211,
2020_212,
2020_213,
2020_214,
2020_215,
2020_216,
2020_217,
2020_218,
2020_219,
2020_220,
2020_221,
2020_222,
2020_223,
2020_224,
2020_225,
2020_226,
2020_227,
2020_228,
2020_229,
2020_230,
2020_231,
2020_232,
2020_233,
2020_234,
2020_235,
2020_236,
2020_237,
2020_238,
2020_239,
2020_240,
2020_241,
2020_242,
2020_243,
2020_244,
2020_245,
2020_246,
2020_247,
2020_248,
2020_249,
2020_250,
2020_251,
2020_252,
2020_253,
2020_254,
2020_255,
2020_256,
2020_257,
2020_258,
2020_259,
2020_260,
2020_261,
2020_262,
2020_263,
2020_264,
2020_265,
2020_266,
2020_267,
2020_268,
2020_269,
2020_270,
2020_271,
2020_272,
2020_273,
2020_274,
2020_275,
2020_276,
2020_277,
2020_278,
2020_279,
2020_280,
2020_281,
2020_282,
2020_283,
2020_284,
2020_285,
2020_286,
2020_287,
2020_288,
2020_289,
2020_290,
2020_291,
2020_292,
2020_293,
2020_294,
2020_295,
2020_296,
2020_297,
2020_298,
2020_299,
2020_300,
2020_301,
2020_302,
2020_303,
2020_304,
2020_305,
2020_306,
2020_307,
2020_308,
2020_309,
2020_310,
2020_311,
2020_312,
2020_313,
2020_314,
2020_315,
2020_316,
2020_317,
2020_318,
2020_319,
2020_320,
2020_321,
2020_322,
2020_323,
2020_324,
2020_325,
2020_326,
2020_327,
2020_328,
2020_329,
2020_330,
2020_331,
2020_332,
2020_333,
2020_334,
2020_335,
2020_336,
2020_337,
2020_338,
2020_339,
2020_340,
2020_341,
2020_342,
2020_343,
2020_344,
2020_345,
2020_346,
2020_347,
2020_348,
2020_349,
2020_350,
2020_351,
2020_352,
2020_353,
2020_354,
2020_355,
2020_356,
2020_357,
2020_358,
2020_359,
2020_360,
2020_361,
2020_362,
2020_363,
2020_364,
2020_365,
2020_366,
2021_1,
2021_2,
2021_3,
2021_4,
2021_5,
2021_6,
2021_7,
2021_8,
2021_9,
2021_10,
2021_11,
2021_12,
2021_13,
2021_14,
2021_15,
2021_16,
2021_17,
2021_18,
2021_19,
2021_20,
2021_21,
2021_22,
2021_23,
2021_24,
2021_25,
2021_26,
2021_27,
2021_28,
2021_29,
2021_30,
2021_31,
2021_32,
2021_33,
2021_34,
2021_35,
2021_36,
2021_37,
2021_38,
2021_39,
2021_40,
2021_41,
2021_42,
2021_43,
2021_44,
2021_45,
2021_46,
2021_47,
2021_48,
2021_49,
2021_50,
2021_51,
2021_52,
2021_53,
2021_54,
2021_55,
2021_56,
2021_57,
2021_58,
2021_59,
2021_60,
2021_61,
2021_62,
2021_63,
2021_64,
2021_65,
2021_66,
2021_67,
2021_68,
2021_69,
2021_70,
2021_71,
2021_72,
2021_73,
2021_74,
2021_75,
2021_76,
2021_77,
2021_78,
2021_79,
2021_80,
2021_81,
2021_82,
2021_83,
2021_84,
2021_85,
2021_86,
2021_87,
2021_88,
2021_89,
2021_90,
2021_91,
2021_92,
2021_93,
2021_94,
2021_95,
2021_96,
2021_97,
2021_98,
2021_99,
2021_100,
2021_101,
2021_102,
2021_103,
2021_104,
2021_105,
2021_106,
2021_107,
2021_108,
2021_109,
2021_110,
2021_111,
2021_112,
2021_113,
2021_114,
2021_115,
2021_116,
2021_117,
2021_118,
2021_119,
2021_120,
2021_121,
2021_122,
2021_123,
2021_124,
2021_125,
2021_126,
2021_127,
2021_128,
2021_129,
2021_130,
2021_131,
2021_132,
2021_133,
2021_134,
2021_135,
2021_136,
2021_137,
2021_138,
2021_139,
2021_140,
2021_141,
2021_142,
2021_143,
2021_144,
2021_145,
2021_146,
2021_147,
2021_148,
2021_149,
2021_150,
2021_151,
2021_152,
2021_153,
2021_154,
2021_155,
2021_156,
2021_157,
2021_158,
2021_159,
2021_160,
2021_161,
2021_162,
2021_163,
2021_164,
2021_165,
2021_166,
2021_167,
2021_168,
2021_169,
2021_170,
2021_171,
2021_172,
2021_173,
2021_174,
2021_175,
2021_176,
2021_177,
2021_178,
2021_179,
2021_180,
2021_181,
2021_182,
2021_183,
2021_184,
2021_185,
2021_186,
2021_187,
2021_188,
2021_189,
2021_190,
2021_191,
2021_192,
2021_193,
2021_194,
2021_195,
2021_196,
2021_197,
2021_198,
2021_199,
2021_200,
2021_201,
2021_202,
2021_203,
2021_204,
2021_205,
2021_206,
2021_207,
2021_208,
2021_209,
2021_210,
2021_211,
2021_212,
2021_213,
2021_214,
2021_215,
2021_216,
2021_217,
2021_218,
2021_219,
2021_220,
2021_221,
2021_222,
2021_223,
2021_224,
2021_225,
2021_226,
2021_227,
2021_228,
2021_229,
2021_230,
2021_231,
2021_232,
2021_233,
2021_234,
2021_235,
2021_236,
2021_237,
2021_238,
2021_239,
2021_240,
2021_241,
2021_242,
2021_243,
2021_244,
2021_245,
2021_246,
2021_247,
2021_248,
2021_249,
2021_250,
2021_251,
2021_252,
2021_253,
2021_254,
2021_255,
2021_256,
2021_257,
2021_258,
2021_259,
2021_260,
2021_261,
2021_262,
2021_263,
2021_264,
2021_265,
2021_266,
2021_267,
2021_268,
2021_269,
2021_270,
2021_271,
2021_272,
2021_273,
2021_274,
2021_275,
2021_276,
2021_277,
2021_278,
2021_279,
2021_280,
2021_281,
2021_282,
2021_283,
2021_284,
2021_285,
2021_286,
2021_287,
2021_288,
2021_289,
2021_290,
2021_291,
2021_292,
2021_293,
2021_294,
2021_295,
2021_296,
2021_297,
2021_298,
2021_299,
2021_300,
2021_301,
2021_302,
2021_303,
2021_304,
2021_305,
2021_306,
2021_307,
2021_308,
2021_309,
2021_310,
2021_311,
2021_312,
2021_313,
2021_314,
2021_315,
2021_316,
2021_317,
2021_318,
2021_319,
2021_320,
2021_321,
2021_322,
2021_323,
2021_324,
2021_325,
2021_326,
2021_327,
2021_328,
2021_329,
2021_330,
2021_331,
2021_332,
2021_333,
2021_334,
2021_335,
2021_336,
2021_337,
2021_338,
2021_339,
2021_340,
2021_341,
2021_342,
2021_343,
2021_344,
2021_345,
2021_346,
2021_347,
2021_348,
2021_349,
2021_350,
2021_351,
2021_352,
2021_353,
2021_354,
2021_355,
2021_356,
2021_357,
2021_358,
2021_359,
2021_360,
2021_361,
2021_362,
2021_363,
2021_364,
2021_365,
2022_1,
2022_2,
2022_3,
2022_4,
2022_5,
2022_6,
2022_7,
2022_8,
2022_9,
2022_10,
2022_11,
2022_12,
2022_13,
2022_14,
2022_15,
2022_16,
2022_17,
2022_18,
2022_19,
2022_20,
2022_21,
2022_22,
2022_23,
2022_24,
2022_25,
2022_26,
2022_27,
2022_28,
2022_29,
2022_30,
2022_31,
2022_32,
2022_33,
2022_34,
2022_35,
2022_36,
2022_37,
2022_38,
2022_39,
2022_40,
2022_41,
2022_42,
2022_43,
2022_44,
2022_45,
2022_46,
2022_47,
2022_48,
2022_49,
2022_50,
2022_51,
2022_52,
2022_53,
2022_54,
2022_55,
2022_56,
2022_57,
2022_58,
2022_59,
2022_60,
2022_61,
2022_62,
2022_63,
2022_64,
2022_65,
2022_66,
2022_67,
2022_68,
2022_69,
2022_70,
2022_71,
2022_72,
2022_73,
2022_74,
2022_75,
2022_76,
2022_77,
2022_78,
2022_79,
2022_80,
2022_81,
2022_82,
2022_83,
2022_84,
2022_85,
2022_86,
2022_87,
2022_88,
2022_89,
2022_90,
2022_91,
2022_92,
2022_93,
2022_94,
2022_95,
2022_96,
2022_97,
2022_98,
2022_99,
2022_100,
2022_101,
2022_102,
2022_103,
2022_104,
2022_105,
2022_106,
2022_107,
2022_108,
2022_109,
2022_110,
2022_111,
2022_112,
2022_113,
2022_114,
2022_115,
2022_116,
2022_117,
2022_118,
2022_119,
2022_120,
2022_121,
2022_122,
2022_123,
2022_124,
2022_125,
2022_126,
2022_127,
2022_128,
2022_129,
2022_130,
2022_131,
2022_132,
2022_133,
2022_134,
2022_135,
2022_136,
2022_137,
2022_138,
2022_139,
2022_140,
2022_141,
2022_142,
2022_143,
2022_144,
2022_145,
2022_146,
2022_147,
2022_148,
2022_149,
2022_150,
2022_151,
2022_152,
2022_153,
2022_154,
2022_155,
2022_156,
2022_157,
2022_158,
2022_159,
2022_160,
2022_161,
2022_162,
2022_163,
2022_164,
2022_165,
2022_166,
2022_167,
2022_168,
2022_169,
2022_170,
2022_171,
2022_172,
2022_173,
2022_174,
2022_175,
2022_176,
2022_177,
2022_178,
2022_179,
2022_180,
2022_181,
2022_182,
2022_183,
2022_184,
2022_185,
2022_186,
2022_187,
2022_188,
2022_189,
2022_190,
2022_191,
2022_192,
2022_193,
2022_194,
2022_195,
2022_196,
2022_197,
2022_198,
2022_199,
2022_200,
2022_201,
2022_202,
2022_203,
2022_204,
2022_205,
2022_206,
2022_207,
2022_208,
2022_209,
2022_210,
2022_211,
2022_212,
2022_213,
2022_214,
2022_215,
2022_216,
2022_217,
2022_218,
2022_219,
2022_220,
2022_221,
2022_222,
2022_223,
2022_224,
2022_225,
2022_226,
2022_227,
2022_228,
2022_229,
2022_230,
2022_231,
2022_232,
2022_233,
2022_234,
2022_235,
2022_236,
2022_237,
2022_238,
2022_239,
2022_240,
2022_241,
2022_242,
2022_243,
2022_244,
2022_245,
2022_246,
2022_247,
2022_248,
2022_249,
2022_250,
2022_251,
2022_252,
2022_253,
2022_254,
2022_255,
2022_256,
2022_257,
2022_258,
2022_259,
2022_260,
2022_261,
2022_262,
2022_263,
2022_264,
2022_265,
2022_266,
2022_267,
2022_268,
2022_269,
2022_270,
2022_271,
2022_272,
2022_273,
2022_274,
2022_275,
2022_276,
2022_277,
2022_278,
2022_279,
2022_280,
2022_281,
2022_282,
2022_283,
2022_284,
2022_285,
2022_286,
2022_287,
2022_288,
2022_289,
2022_290,
2022_291,
2022_292,
2022_293,
2022_294,
2022_295,
2022_296,
2022_297,
2022_298,
2022_299,
2022_300,
2022_301,
2022_302,
2022_303,
2022_304,
2022_305,
2022_306,
2022_307,
2022_308,
2022_309,
2022_310,
2022_311,
2022_312,
2022_313,
2022_314,
2022_315,
2022_316,
2022_317,
2022_318,
2022_319,
2022_320,
2022_321,
2022_322,
2022_323,
2022_324,
2022_325,
2022_326,
2022_327,
2022_328,
2022_329,
2022_330,
2022_331,
2022_332,
2022_333,
2022_334,
2022_335,
2022_336,
2022_337,
2022_338,
2022_339,
2022_340,
2022_341,
2022_342,
2022_343,
2022_344,
2022_345,
2022_346,
2022_347,
2022_348,
2022_349,
2022_350,
2022_351,
2022_352,
2022_353,
2022_354,
2022_355,
2022_356,
2022_357,
2022_358,
2022_359,
2022_360,
2022_361,
2022_362,
2022_363,
2022_364,
2022_365,
2023_1,
2023_2,
2023_3,
2023_4,
2023_5,
2023_6,
2023_7,
2023_8,
2023_9,
2023_10,
2023_11,
2023_12,
2023_13,
2023_14,
2023_15,
2023_16,
2023_17,
2023_18,
2023_19,
2023_20,
2023_21,
2023_22,
2023_23,
2023_24,
2023_25,
2023_26,
2023_27,
2023_28,
2023_29,
2023_30,
2023_31,
2023_32,
2023_33,
2023_34,
2023_35,
2023_36,
2023_37,
2023_38,
2023_39,
2023_40,
2023_41,
2023_42,
2023_43,
2023_44,
2023_45,
2023_46,
2023_47,
2023_48,
2023_49,
2023_50,
2023_51,
2023_52,
2023_53,
2023_54,
2023_55,
2023_56,
2023_57,
2023_58,
2023_59,
2023_60,
